country,word,pairs,pct_same_number,pct_true
US,partners,323570,2.2202305528942734,1.5937818710016378
US,group,263909,0.8317260874013391,0.0
US,holdings,238121,0.8096723934470289,0.0
US,center,150167,11.948697117209507,12.34225895170044
India,enterprises,79738,11.10762747999699,0.0
India,industries,78875,11.117591125198098,0.0
US,associates,78629,1.748718666140991,0.0
US,services,77843,16.45234638952764,17.224413242038462
US,care,74042,1.8084330515113045,0.0
India,smt,70246,28.035760043276486,33.3414002220767
India,sri,70234,28.217102827690294,33.394082638038554
India,shri,70010,27.914583630909874,33.120982716754746
India,mr,69910,27.73566013445859,32.89229008725504
India,dr,69752,28.260121573574953,33.39975914669113
India,center,66760,24.709406830437388,29.529658478130617
India,ventures,58207,12.235641761300187,0.0
India,exports,58044,12.063262352697954,0.0
India,group,54984,11.365124399825403,0.0
India,infratech,54125,12.421247113163972,0.0
India,overseas,53847,12.745371144167736,0.0
US,clinic,53330,0.6975435964747797,0.0
India,services,51665,23.408497048291878,26.816994096583763
India,holdings,49867,12.491226662923376,0.0
US,coastal,44264,1.0030724742454364,0.0
US,harbor,43319,0.8933724231861309,0.0
US,highland,43179,0.9286921883322912,0.0
US,metro,42891,0.9932153598657061,0.0
US,summit,42260,1.0104117368670138,0.0
US,valley,41532,1.0040450736781277,0.0
US,downtown,41516,0.7804220059736006,0.0
US,northside,41290,0.7483652216032938,0.0
US,midtown,41097,0.7032143465459766,0.0
US,north,40753,0.8318406006919736,0.0
US,uptown,40435,0.6924693953258316,0.0
US,eastgate,40370,0.7778053009660638,0.0
US,lakeside,40338,0.7387574991323318,0.0
US,westgate,40326,0.8084114467093191,0.0
US,southside,40317,0.7416226405734553,0.0
US,greater,40172,0.6596634471771383,0.0
US,riverside,40005,0.7374078240219972,0.0
US,east,39811,0.7937504709753586,0.0
US,west,39517,0.8882253207480324,0.0
US,south,38512,0.8023473203157457,0.0
US,central,38428,0.8119079837618403,0.0
US,service,35887,17.159417059102182,18.162565831638197
India,solutions,26130,8.258706467661693,0.0
India,partners,25056,18.7220625798212,21.412037037037038
India,india,24051,3.5341565839258244,0.0
India,trading,24013,8.503727147794944,0.0
India,technologies,23522,8.864042173284584,0.0
India,hotel,22819,9.439502169244927,0.0
India,engineering,20309,9.58195873750554,0.0
India,foods,19792,9.569523039611964,0.0
India,constructions,19172,9.65470477780096,0.0
India,new,19041,4.899952733574917,0.0
India,service,18991,30.40387551998315,35.81170027907956
US,com,18946,32.96738097751504,36.9629473239734
US,pediatric,13677,3.7873802734517805,0.0
India,care,13207,2.703111986067994,0.0
India,stil,13203,7.14231614027115,0.0
India,international,12648,5.13124604680582,0.0
India,svits,12375,7.11919191919192,0.0
India,tekstails,12263,7.567479409606133,0.0
India,stors,12205,7.791888570258091,0.0
India,tech,12141,5.139609587348653,0.0
India,global,12111,5.020229543390306,0.0
India,north,11959,4.741199096914458,0.0
India,city,11681,5.119424706788802,0.0
US,v,11577,0.5182689816014512,0.0
India,associates,11540,2.3916811091854417,0.0
India,phrnicr,11328,7.909604519774012,0.0
India,clinic,10876,2.188304523721957,0.0
India,jnrl,10812,8.22234554199038,0.0
India,jay,10610,5.768143261074457,0.009425070688030161
India,medikls,10375,7.672289156626507,0.0
India,tredrs,10332,8.042973286875727,0.0
India,bekri,10137,8.24701588241097,0.0
India,traders,10118,8.272385847005337,0.0
India,garmemts,10117,7.867945042996936,0.0
US,trust,9812,15.552384834896046,16.44924582144313
India,garments,9787,9.410442423623174,0.0
India,shree,9600,5.958333333333334,0.0
India,south,9576,5.659983291562239,0.0
India,provijn,9211,7.95787645206818,0.0
India,motrs,9202,6.987611388828515,0.0
US,iv,8965,1.059676519799219,0.0
India,bakery,8958,8.372404554588078,0.0
India,pharmesi,8958,7.691448984148247,0.0
India,medicals,8942,7.906508611048982,0.0
India,pharmacy,8906,8.6683134965192,0.0
India,hardware,8861,8.768761990745965,0.0
India,star,8701,5.194805194805195,0.0
India,furniture,8694,8.960202438463307,0.0
India,ilektroniks,8692,6.983433041877589,0.0
US,lnc,8578,36.045698297971555,39.83446024714385
India,automobiles,8575,8.174927113702623,0.0
India,stores,8534,8.471994375439419,0.0
India,jvelrs,8518,6.644752289269781,0.0
India,provision,8469,8.548825126933522,0.0
India,restoremt,8355,7.815679233991622,0.0
US,vi,8342,0.8750899064972428,0.0
India,sweets,8310,8.483754512635379,0.0
India,dream,8276,5.099081681971967,0.0
India,restaurant,8269,8.779779900834441,0.0
India,otomobails,8259,7.216370020583605,0.0
India,krishna,8226,4.801847799659615,0.0
India,jewellers,8195,9.017693715680293,0.0
India,innovative,8185,5.864386072083079,0.0
India,delhi,8180,5.1711491442542785,0.0
India,electronics,8169,8.850532500918105,0.0
India,east,8137,5.321371512842571,0.0
India,maa,8136,5.850540806293019,0.0
India,laxmi,8079,6.51070677063993,0.012377769525931427
India,hari,8048,5.193836978131213,0.0
India,motors,8039,9.615623833810176,0.0
India,one,8031,6.238326484871124,0.0
India,big,8010,6.0424469413233455,0.0
India,surya,7974,6.2202157010283425,0.0
India,best,7971,5.256555011918204,0.0
India,red,7898,5.976196505444417,0.0
India,agencies,7893,9.337387558596225,0.0
US,iii,7870,0.7878017789072427,0.0
India,ss,7864,4.946592065106816,0.0
India,my,7835,4.990427568602425,0.0
India,general,7823,8.947973923047424,0.0
India,ace,7818,6.881555385008954,0.0
India,arihant,7816,5.501535312180144,0.0
India,royal,7784,5.536998972250771,0.0
India,real,7776,5.375514403292181,0.0
India,vision,7774,5.775662464625675,0.0
India,classic,7764,6.3240597630087585,0.0
India,bright,7750,5.741935483870968,0.0
India,life,7745,6.365397030342155,0.0
India,shivam,7738,5.388989402946498,0.0
India,digital,7734,6.2710111197310585,0.0
India,steel,7713,10.35913392972903,0.0
India,perfect,7711,5.758008040461679,0.0
India,hardveyr,7694,6.849493111515467,0.0
India,lotus,7673,6.594552326339111,0.0
India,silver,7655,5.708687132593076,0.0
India,shakti,7644,5.285190999476714,0.0
India,textiles,7642,9.630986652708714,0.0
India,tirupati,7618,5.263848779207141,0.0
India,supreme,7598,5.738352197946829,0.0
US,council,7588,20.07116499736426,21.36267791249341
India,modern,7580,5.554089709762533,0.0
India,jain,7550,6.198675496688741,0.0
India,com,7502,34.57744601439616,44.3881631564916
India,blue,7500,4.626666666666666,0.0
India,om,7484,5.090860502405131,0.0
US,global,7467,2.196330520958886,0.0
India,aditya,7466,6.054111974283418,0.0
India,sai,7429,6.111185893121551,0.0
India,super,7407,6.034831915755366,0.0
US,association,7384,20.85590465872156,21.979956663055255
India,ejemsij,7353,7.479940160478717,0.0
India,smart,7352,6.33841131664853,0.0
India,future,7349,6.871683222207103,0.0
India,galaxy,7345,5.541184479237576,0.0
US,federation,7339,19.702956806104375,20.970159422264615
India,prime,7337,5.942483303802644,0.054518195447730684
India,green,7308,5.760810071154899,0.0
India,swastik,7307,6.322704256192692,0.0
India,great,7306,5.7350123186422115,0.0
India,premier,7299,6.0556240580901495,0.0
India,brothers,7298,4.343655796108522,0.0
India,sun,7297,5.659860216527339,0.0
India,shiva,7276,6.390874106652007,0.0
India,dynamic,7261,5.963365927558187,0.0
India,anand,7240,5.856353591160221,0.0
US,authority,7233,20.904189133139774,21.78902253560072
India,good,7213,6.266463330098433,0.0
India,creative,7180,6.559888579387187,0.0
India,baba,7165,5.792044661549197,0.0
India,universal,7163,5.668016194331984,0.0
India,sky,7136,6.165919282511211,0.0
India,first,7133,5.425487172297771,0.0
India,united,7127,5.345867826574997,0.0
US,society,7101,21.743416420222502,22.743275594986624
India,gold,7087,6.1803301820234235,0.0
India,guru,7062,5.253469272160861,0.0
US,capital,7044,2.1436683702441792,0.0
India,ram,7000,5.742857142857143,0.0
US,commission,6976,21.029243119266056,22.477064220183486
India,white,6968,5.8266360505166475,0.0
US,ii,6964,0.832854681217691,0.0
India,eastern,6943,5.876422295837534,0.0
US,district,6903,22.685788787483702,24.540055048529624
India,seven,6874,6.182717486179809,0.0
India,bombay,6872,6.082654249126892,0.0
India,vijay,6864,5.536130536130536,0.0
India,high,6834,5.750658472344162,0.0
India,indo,6828,6.048623315758641,0.0
India,balaji,6781,6.650936440053091,0.0
India,raj,6767,6.605585931727501,0.0
India,al,6737,5.388154965118005,0.0
India,shyam,6730,5.408618127786033,0.0
India,fortune,6688,5.547248803827752,0.0
India,unique,6659,7.133203183661211,0.0
India,sunrise,6630,6.078431372549019,0.0
US,foundation,6629,21.828330064866496,23.457535073163374
India,shiv,6627,5.4775916704391125,0.01508978421608571
India,bharat,6602,5.89215389275977,0.0
India,gujarat,6573,5.887722501141032,0.0
India,apex,6525,5.425287356321839,0.0
India,pioneer,6523,7.695845469875824,0.0
India,indian,6511,7.2799877131009065,0.0
India,black,6493,5.852456491606346,0.0
India,southern,6488,6.088162762022195,0.0
India,urban,6486,6.475485661424607,0.0
India,hitech,6475,6.254826254826256,0.0
India,golden,6424,6.055417185554171,0.0
US,board,6351,23.114470162179185,24.626043142812158
India,all,6222,5.8341369334619095,0.0
US,dental,6060,7.772277227722772,0.0
US,health,6037,3.594500579758158,0.0
India,alpha,5890,5.840407470288625,0.0
India,lakshmi,5654,5.960382030420941,0.0
India,technology,5526,4.759319580166486,0.0
US,empire,5523,2.2270505160239003,0.0
India,sree,5510,5.15426497277677,0.0
US,regional,5352,2.167414050822123,0.0
US,pinnacle,5299,1.773919607473108,0.0
US,colonial,5297,2.284311874646026,0.0
India,consultants,5276,5.022744503411675,0.0
US,interstate,5231,2.198432422099025,0.0
US,gulf,5194,2.3296110897189064,0.0
US,dentistry,5178,8.072614909231364,0.0
India,developers,5170,5.686653771760155,0.0
India,jai,5126,4.838080374561062,0.0
US,secure,4952,1.9789983844911148,0.0
US,best,4907,2.4862441410230285,0.0
India,foundation,4870,5.277207392197125,0.0
US,federal,4863,2.0357803824799507,0.0
US,ridge,4854,2.389781623403379,0.0
US,bay,4845,2.1259029927760578,0.0
US,vanguard,4832,2.0902317880794703,0.0
US,green,4829,2.360737212673431,0.0
US,integrated,4805,2.3933402705515086,0.0
US,all,4703,2.5302998086327877,0.0
US,heartland,4679,2.115836717247275,0.0
US,metropolitan,4639,2.4358697995257597,0.0
US,american,4627,3.198616814350551,0.0
US,great,4620,2.7705627705627704,0.0
US,horizon,4605,2.9315960912052117,0.0
US,better,4599,2.3918243096325287,0.0
US,specialists,4597,3.437024146182293,0.0
US,patriot,4590,2.440087145969499,0.0
US,allied,4579,2.336754749945403,0.0
India,consultancy,4560,5.087719298245614,0.0
US,diamond,4529,2.7599911680282623,0.0
US,physicians,4497,3.3800311318656884,0.0
US,blue,4495,3.092324805339266,0.0
US,dynamic,4437,3.2003606040117196,0.0
US,first,4432,2.4819494584837543,0.0
US,pacific,4431,3.2046941999548633,0.0
US,united,4421,3.0536077810450126,0.0
US,national,4363,2.292000916800367,0.0
India,agro,4329,5.844305844305844,0.0
US,medicine,4292,4.263746505125816,0.0
US,midwest,4289,2.541384938214036,0.0
US,safe,4230,3.1914893617021276,0.0
India,management,4215,4.483985765124555,0.0
US,signature,4193,3.33889816360601,0.0
US,ace,4191,2.1951801479360533,0.0
US,atlantic,4183,3.3229739421467848,0.0
US,cascade,4180,3.5645933014354063,0.0
US,piedmont,4176,2.2988505747126435,0.0
US,worldwide,4162,0.9610764055742432,0.0
US,bright,4155,3.1528279181708787,0.0
US,strategic,4093,2.6875152699731246,0.0
US,ventures,4087,0.48935649620748717,0.0
US,apex,4073,2.995335133808004,0.0
US,silver,4072,3.3398821218074657,0.0
US,desert,4071,2.0633750921149594,0.0
US,trusted,4070,3.3169533169533167,0.0
US,liberty,4066,2.828332513526808,0.0
US,preparatory,4063,0.44302239724341624,0.0
US,enterprises,4062,0.34465780403741997,0.0
US,rapid,4059,2.8085735402808574,0.0
US,frontier,4039,2.8472394156969547,0.0
US,creative,4034,3.1978185423896877,0.0
US,modern,4021,2.959462820193982,0.0
US,reliable,4017,3.0868807567836694,0.0
US,premier,3999,3.0007501875468865,0.0
India,consulting,3986,4.741595584545911,0.0
India,marketing,3986,5.644756648268942,0.0
US,complete,3980,2.3618090452261304,0.0
US,innovative,3976,2.5653923541247488,0.0
US,delta,3972,4.103726082578047,0.0
India,atomobails,3956,8.923154701718907,0.0
India,infra,3954,5.48811330298432,0.0
US,fresh,3943,3.3223433933553133,0.0
US,choice,3932,3.814852492370295,0.0
US,cornerstone,3906,2.227342549923195,0.0
US,advanced,3896,2.0790554414784395,0.0
India,properties,3886,4.2460113226968605,0.0
India,finance,3880,6.752577319587629,0.0
US,superior,3859,3.3946618294895052,0.0
US,platinum,3835,3.33767926988266,0.0
India,sons,3833,4.774328202452387,0.0
US,heritage,3826,2.3784631468897017,0.0
US,quality,3822,2.511773940345369,0.0
US,keystone,3817,2.384071260151952,0.0
US,pioneer,3817,3.117631647891014,0.0
India,energy,3814,5.794441531200839,0.0
US,mountain,3795,2.318840579710145,0.0
US,supreme,3763,2.630879617326601,0.0
India,producer,3763,5.421206484188148,0.0
US,peak,3740,3.2620320855614975,0.0
India,projects,3735,5.595716198125836,0.0
India,construction,3731,5.280085767890646,0.0
US,clean,3729,2.9766693483507645,0.0
US,smart,3727,3.16608532331634,0.0
US,continental,3711,2.533009970358394,0.0
US,beacon,3687,2.4138866286954164,0.0
US,legacy,3676,3.4004352557127313,0.0
US,prairie,3666,3.900709219858156,0.0
India,infotech,3651,5.341002465078061,0.0
US,express,3642,2.9654036243822075,0.0
US,sterling,3631,3.745524648857064,0.0
US,value,3617,3.2347249101465305,0.0
India,healthcare,3610,4.930747922437673,0.0
US,certified,3573,3.8623005877413936,0.0
US,international,3565,0.3927068723702665,0.0
India,bangalore,3561,4.436955911260882,0.0
India,infrastructure,3560,6.769662921348314,0.0
US,rocky,3556,3.1214848143982,0.0
India,software,3490,6.389684813753583,0.0
US,industries,3488,0.5160550458715597,0.0
US,golden,3486,2.5817555938037864,0.0
India,pharmsi,3484,11.768082663605052,0.0
India,business,3479,4.82897384305835,0.0
US,select,3470,3.400576368876081,0.0
US,anchor,3454,3.792704111175449,0.0
US,elite,3426,2.6853473438412143,0.0
US,royal,3406,2.3781561949500882,0.0
US,unified,3405,3.2011747430249633,0.0
US,star,3402,3.2333921222810114,0.0
India,media,3390,6.106194690265487,0.0
US,total,3382,4.080425783560024,0.0
US,preferred,3369,3.383793410507569,0.0
US,technology,3332,1.2605042016806722,0.0
India,products,3321,5.299608551641072,0.0
US,grand,3305,3.6611195158850225,0.0
US,optimal,3297,3.548680618744313,0.0
US,clear,3228,3.5625774473358116,0.0
India,power,3191,4.732058915700407,0.0
US,precision,3177,3.5253383695310037,0.0
India,impex,3169,6.468917639633955,0.0
US,custom,3166,2.4952621604548324,0.0
India,it,3162,5.502846299810247,0.0
India,systems,3161,6.327111673521038,0.0
US,prime,3155,2.5039619651347067,0.0
India,logistics,3145,5.532591414944356,0.0
US,classic,3123,3.554274735830932,0.0
US,crystal,3101,3.611738148984198,0.0
India,estate,3053,6.321650835244022,0.0
India,builders,2964,6.612685560053981,0.0
US,alliance,2856,0.8053221288515405,0.0
India,food,2848,6.004213483146067,0.0
India,hardver,2832,10.310734463276836,0.0
India,hospitality,2778,6.3354931605471565,0.0
US,direct,2760,4.130434782608695,0.0
US,networks,2705,0.5175600739371534,0.0
US,union,2698,0.2223869532987398,0.0
India,investments,2662,6.7242674680691215,0.0
India,elektraniks,2629,6.884747052111069,0.0
India,institute,2559,4.142243063696757,0.0
India,investment,2544,6.5251572327044025,0.0
India,motars,2506,8.978451715881883,0.0
India,jyuvelrs,2354,10.025488530161427,0.0
US,digital,2255,0.17738359201773835,0.0
US,companies,2253,0.4882379050155349,0.0
US,systems,2202,0.31789282470481384,0.0
India,ejensis,2184,9.89010989010989,0.0
US,houston,2151,0.5578800557880056,0.0
US,community,2150,3.302325581395349,0.0
US,holding,2138,1.1225444340505144,0.0
US,works,2099,0.14292520247737017,0.0
US,smith,2095,1.5274463007159904,0.0
US,solutions,2087,0.3833253473885961,0.0
US,dynamics,2068,0.33849129593810445,0.0
US,technologies,2066,0.7260406582768635,0.0
US,laboratories,2045,0.8312958435207823,0.0
US,products,2030,0.4433497536945813,0.0
US,management,2028,0.9368836291913214,0.0
India,school,2027,5.772076961026147,0.0
India,pune,2008,4.581673306772909,0.0
US,consultants,2001,0.7996001999000499,0.0
US,investments,1984,1.0080645161290323,0.0
US,studios,1974,0.25329280648429586,0.0
US,interests,1956,0.3067484662576687,0.0
US,collective,1948,0.10266940451745381,0.0
US,labs,1937,0.2581311306143521,0.0
US,brands,1908,0.41928721174004197,0.0
US,advisors,1860,0.3225806451612903,0.0
US,innovations,1855,0.05390835579514825,0.0
US,concepts,1853,0.16189962223421478,0.0
US,assets,1806,1.273532668881506,0.0
US,resources,1793,0.4461795872838818,0.0
India,mumbai,1685,3.323442136498516,0.0
US,baptist,1676,2.3269689737470167,0.0
India,navi,1625,5.169230769230769,0.0
US,chicago,1607,0.8089607965152459,0.0
US,0f,1550,23.161290322580644,25.41935483870968
US,boston,1516,2.440633245382586,0.0
India,provisn,1479,8.451656524678837,0.0
US,phoenix,1454,1.3067400275103165,0.0
US,southern,1450,0.8275862068965517,0.0
India,memorial,1438,2.5730180806675937,0.0
US,johnson,1418,1.8335684062059237,0.0
India,public,1393,42.28284278535534,53.98420674802584
US,western,1377,1.0893246187363834,0.0
India,privte,1370,24.306569343065693,28.686131386861312
US,family,1364,1.8328445747800588,0.0
US,brown,1361,1.1021307861866276,0.0
US,eastern,1334,1.3493253373313343,0.0
US,upper,1334,1.0494752623688157,0.0
US,portland,1331,0.5259203606311045,0.0
US,northern,1294,1.9319938176197835,0.0
India,charitable,1286,1.8662519440124419,0.0
India,mottars,1277,8.692247454972591,0.0
US,charlotte,1246,1.2038523274478332,0.0
US,presbyterian,1243,3.5398230088495577,0.0
India,priate,1241,27.15551974214343,32.151490733279616
US,centre,1230,0.6504065040650406,0.0
US,williams,1220,0.9016393442622952,0.0
US,medical,1218,3.037766830870279,0.0
India,prvate,1207,26.180613090306544,31.48301574150787
US,sacramento,1204,0.5813953488372093,0.0
India,unvkm,1196,8.779264214046822,0.0
US,lower,1194,0.7537688442211055,0.0
US,jones,1191,2.3509655751469354,0.0
India,resturent,1154,4.852686308492201,0.0
US,environmental,1154,1.559792027729636,0.0
India,prbhisn,1147,5.405405405405405,0.0
US,learning,1125,3.288888888888889,0.0
India,chennai,1098,4.918032786885246,0.0
India,metikkls,1096,9.397810218978101,0.0
India,ejensij,1089,8.907254361799815,0.0
India,hartuver,1087,9.843606255749771,0.0
India,kolkata,1074,4.562383612662942,0.0
India,jenrl,1064,9.30451127819549,0.0
India,jvuli,1056,8.806818181818182,0.0
US,lutheran,1055,5.308056872037914,0.0
US,atlanta,1041,0.9606147934678195,0.0
US,cincinnati,1033,0.7744433688286544,0.0
India,attomopails,1033,10.745401742497581,0.0
India,tredars,1024,6.25,0.0
India,ilektrniks,1017,6.981317600786626,0.0
US,equity,1017,2.2615535889872174,0.0
US,network,1007,2.3833167825223436,0.0
India,advisors,1004,6.274900398406374,0.0
US,nashville,1004,1.9920318725099602,0.0
India,vidyalaya,1001,2.897102897102897,0.0
India,mruntkm,995,8.84422110552764,0.0
India,jenarel,993,9.264853977844915,0.0
India,nkaikktai,991,7.568113017154389,0.0
India,purovisn,987,12.664640324214794,0.0
India,kprniccr,985,8.730964467005077,0.0
India,elktraniks,984,15.24390243902439,0.0
US,springfield,962,3.7422037422037424,0.0
India,sangh,957,2.7168234064785786,0.0
US,catholic,954,3.878406708595388,0.0
India,juyelars,952,7.03781512605042,0.0
US,methodist,949,4.847207586933614,0.0
India,privae,944,30.826271186440678,37.71186440677966
India,academy,941,5.63230605738576,0.0
US,institute,934,3.2119914346895073,0.0
US,c0,925,23.135135135135133,25.83783783783784
India,hospital,923,5.200433369447454,0.0
India,trust,920,3.369565217391304,0.0
India,pharnicar,908,6.497797356828194,0.0
India,restaremt,904,14.823008849557523,0.0
US,womens,894,0.6711409395973155,0.0
India,pirvate,894,25.16778523489933,30.760626398210288
India,vrttkrkl,893,9.070548712206048,0.0
India,medikyals,871,7.347876004592423,0.0
India,provijhn,862,6.844547563805105,0.0
India,centre,862,2.5522041763341066,0.0
US,martinez,861,1.5098722415795587,0.0
US,city,859,1.3969732246798603,0.0
India,hyderabad,854,4.918032786885246,0.0
US,columbus,849,1.5312131919905771,0.0
India,pekkri,847,10.50767414403778,0.0
India,inippkm,831,9.265944645006016,0.0
India,ejencis,830,11.566265060240964,0.0
US,software,827,1.8137847642079807,0.0
US,braemar,819,0.3663003663003663,0.0
India,health,817,1.9583843329253363,0.0
India,karments,815,9.938650306748466,0.0
US,analytics,814,1.71990171990172,0.0
US,behavioral,804,1.3681592039800996,0.0
US,fund,797,4.1405269761606025,0.0
US,property,795,1.6352201257861636,0.0
US,garcia,790,0.7594936708860759,0.0
US,project,784,5.357142857142857,0.0
US,indianapolis,778,1.0282776349614395,0.0
India,ahmadabad,778,5.141388174807198,0.0
India,restornt,775,8.645161290322582,0.0
India,privtae,764,30.759162303664922,37.303664921465966
India,ejnsijh,762,7.480314960629922,0.0
US,washington,759,3.0303030303030303,0.0
US,davis,751,1.3315579227696404,0.0
India,priavte,737,33.78561736770692,38.94165535956581
India,college,736,3.804347826086957,0.0
India,hardoyyar,735,6.258503401360545,0.0
India,c0,734,39.782016348773844,49.4550408719346
US,wealth,724,1.1049723756906076,0.0
US,lncorporated,722,40.16620498614959,43.76731301939058
US,brooklyn,719,3.477051460361613,0.0
India,pivate,716,31.98324022346369,40.642458100558656
US,seattle,708,0.5649717514124294,0.0
US,greensboro,707,0.7072135785007072,0.0
US,anderson,706,0.56657223796034,0.0
US,rodriguez,703,2.1337126600284493,0.0
US,league,702,3.418803418803419,0.0
US,charities,700,2.571428571428571,0.0
US,king,697,0.7173601147776184,0.0
India,prviate,694,33.14121037463977,40.20172910662824
India,polytechnic,694,5.3314121037463975,0.0
India,suits,683,8.49194729136164,0.0
US,miller,683,0.43923865300146414,0.0
US,jackson,682,1.6129032258064515,0.0
US,urban,681,1.762114537444934,0.0
US,cargo,680,0.8823529411764706,0.0
US,youth,677,1.03397341211226,0.0
US,austin,675,1.1851851851851851,0.0
India,bekari,670,8.656716417910449,0.0
US,coalition,662,2.719033232628399,0.0
US,martin,661,1.361573373676248,0.0
India,privaet,655,33.587786259541986,40.916030534351144
US,initiative,647,5.255023183925812,0.0
US,raleigh,635,3.3070866141732282,0.0
US,education,632,2.0569620253164556,0.0
US,antimony,632,0.15822784810126583,0.0
US,media,628,3.343949044585987,0.0
India,ottomobails,625,11.200000000000001,0.0
US,hernandez,625,0.96,0.0
India,lndia,623,10.914927768860354,8.828250401284109
US,healthcare,610,0.819672131147541,0.0
US,gonzalez,605,1.8181818181818181,0.0
India,srrors,603,12.769485903814262,0.0
US,dallas,601,1.3311148086522462,0.0
US,motors,601,1.3311148086522462,0.0
US,ministries,596,3.523489932885906,0.0
US,aerospace,595,2.3529411764705883,0.0
US,taylor,593,0.8431703204047217,0.0
US,wilson,592,1.0135135135135136,0.0
India,nidhi,591,3.8917089678511,0.0
US,data,590,2.0338983050847457,0.0
India,medical,589,3.904923599320883,0.0
US,thomas,586,0.3412969283276451,0.0
India,solution,584,3.767123287671233,0.0
US,fellowship,579,2.936096718480138,0.0
India,ilktroniks,572,13.286713286713287,0.0
India,research,570,3.1578947368421053,0.0
India,companies,570,1.7543859649122806,0.0
India,education,566,3.356890459363958,0.0
US,security,556,1.7985611510791366,0.0
US,franklin,555,0.5405405405405406,0.0
US,financial,555,2.5225225225225225,0.0
India,prlvate,554,33.754512635379065,44.04332129963899
US,ce,554,3.068592057761733,1.8050541516245486
US,committee,549,3.825136612021858,0.0
US,louisville,548,1.4598540145985401,0.0
US,cleveland,547,0.5484460694698354,0.0
US,canary,546,3.1135531135531136,0.0
India,security,543,4.6040515653775325,0.0
India,engineers,538,3.3457249070631967,0.0
US,housing,537,1.303538175046555,0.0
US,aurora,536,0.9328358208955223,0.0
US,freight,533,3.75234521575985,0.0
US,foods,532,1.1278195488721803,0.0
US,consulting,531,1.8832391713747645,0.0
US,moore,527,0.9487666034155597,0.0
India,travels,526,3.802281368821293,0.0
US,hospitality,524,0.7633587786259541,0.0
US,lee,523,0.5736137667304015,0.0
India,entertainment,522,4.21455938697318,0.0
India,pharma,521,2.6871401151631478,0.0
US,program,520,5.769230769230769,0.0
India,mottols,520,12.692307692307692,0.0
US,anchorage,517,0.0,0.0
India,realty,516,3.6821705426356592,0.0
US,hudson,516,0.9689922480620154,0.0
US,baltimore,515,1.3592233009708738,0.0
India,farmer,514,5.252918287937743,0.0
US,park,514,2.7237354085603114,0.0
India,medikkls,512,12.5,0.0
US,logistics,508,1.574803149606299,0.0
India,chemicals,508,6.889763779527559,0.0
US,eye,507,2.9585798816568047,0.0
US,parts,505,1.3861386138613863,0.0
US,sweet,505,0.39603960396039606,0.0
US,temple,503,2.3856858846918487,0.0
US,lopez,502,0.398406374501992,0.0
US,tax,502,1.1952191235059761,0.0
US,lebanon,499,1.6032064128256511,0.0
US,sierra,499,1.6032064128256511,0.0
US,memphis,499,0.4008016032064128,0.0
US,sanchez,496,2.620967741935484,0.0
US,rogers,495,2.8282828282828283,0.0
US,averin,495,1.4141414141414141,0.0
US,restaurant,493,0.6085192697768762,0.0
US,charlton,493,5.476673427991886,0.0
US,insurance,492,2.4390243902439024,0.0
US,edison,492,1.8292682926829267,0.0
US,white,491,2.4439918533604885,0.0
India,society,484,2.6859504132231407,0.0
India,solar,483,4.554865424430641,0.0
US,bloomington,478,0.6276150627615062,0.0
US,cardiology,474,3.5864978902953584,0.0
US,surgical,474,2.109704641350211,0.0
India,srril,474,17.088607594936708,0.0
US,castillo,473,0.8456659619450317,0.0
US,tulsa,471,0.6369426751592357,0.0
India,jvllels,471,17.62208067940552,0.0
US,no,470,0.0,0.0
US,engineering,470,1.9148936170212765,0.0
US,hill,470,1.9148936170212765,0.0
US,cancer,469,0.42643923240938164,0.0
US,school,469,0.8528784648187633,0.0
India,estates,468,3.205128205128205,0.0
India,ejnsis,468,18.162393162393162,0.0
US,optics,468,1.0683760683760684,0.0
US,guild,468,2.9914529914529915,0.0
India,mills,467,1.9271948608137044,0.0
India,garmenrs,467,13.49036402569593,0.0
US,noble,465,0.43010752688172044,0.0
India,sales,465,2.5806451612903225,0.0
US,exchange,465,1.2903225806451613,0.0
US,hunger,464,0.43103448275862066,0.0
India,pharmaceuticals,464,3.2327586206896552,0.0
India,pvtltd,463,41.252699784017274,52.48380129589633
India,bekkri,460,17.391304347826086,0.0
US,electronics,459,3.9215686274509802,0.0
India,coimbatore,459,3.485838779956427,0.0
US,mortgage,458,3.9301310043668125,0.0
US,futurecrest,457,0.6564551422319475,0.0
US,sachem,456,1.5350877192982455,0.0
US,natural,456,1.0964912280701753,0.0
US,tucson,455,0.21978021978021978,0.0
US,purpose,454,0.4405286343612335,0.0
US,crane,454,0.22026431718061676,0.0
India,farms,454,3.7444933920704844,0.0
US,robinson,453,1.1037527593818985,0.0
US,murray,453,0.8830022075055187,0.0
US,dominion,452,0.8849557522123894,0.0
US,toledo,450,1.5555555555555556,0.0
US,mobile,450,3.5555555555555554,0.0
US,ave,450,0.4444444444444444,0.0
US,fitness,449,2.0044543429844097,0.0
India,development,449,7.126948775055679,0.0
India,tredels,447,15.883668903803134,0.0
US,public,446,34.08071748878923,33.408071748878925
US,interactive,446,3.1390134529147984,0.0
US,information,445,3.8202247191011236,0.0
India,resrrornr,444,19.144144144144143,0.0
US,wellness,440,1.5909090909090908,0.0
US,asheville,440,2.727272727272727,0.0
US,purecycle,440,1.8181818181818181,0.0
US,research,439,1.8223234624145785,0.0
US,alternative,439,0.683371298405467,0.0
US,energy,439,2.277904328018223,0.0
US,supply,438,4.337899543378995,0.0
India,nursing,437,2.2883295194508007,0.0
US,construction,436,1.6055045871559634,0.0
US,glass,436,1.3761467889908259,0.0
US,vision,436,5.045871559633028,0.0
US,trading,435,4.137931034482759,0.0
US,renewables,434,1.1520737327188941,0.0
India,exim,434,3.9170506912442393,0.0
India,capital,434,5.529953917050691,0.0
US,detailing,431,1.6241299303944314,0.0
US,silicon,431,1.3921113689095126,0.0
US,oceanhawk,431,2.088167053364269,0.0
US,retail,429,3.7296037296037294,0.0
India,financial,428,5.841121495327103,0.0
US,vii,428,1.1682242990654206,0.0
US,pineapple,427,0.0,0.0
India,phrniccr,427,15.456674473067917,0.0
US,harris,427,1.1709601873536302,0.0
US,irving,426,0.2347417840375587,0.0
US,john,426,0.9389671361502347,0.0
US,spring,425,0.9411764705882352,0.0
US,department,424,0.0,0.0
US,accounting,424,1.650943396226415,0.0
US,municipals,423,0.7092198581560284,0.0
US,cloud,422,3.080568720379147,0.0
US,wireless,421,2.137767220902613,0.0
US,blackrock,420,0.7142857142857143,0.0
US,cre,420,1.1904761904761905,0.4761904761904762
US,lincoln,419,2.6252983293556085,0.0
US,pearl,419,2.386634844868735,0.0
US,billings,419,0.47732696897374705,0.0
US,world,418,0.9569377990430622,0.0
US,newbury,417,0.9592326139088728,0.0
US,popular,417,0.7194244604316548,0.0
India,lucknow,417,4.316546762589928,0.0
US,staking,416,0.2403846153846154,0.0
US,vehicle,416,0.9615384615384616,0.0
US,big,416,0.9615384615384616,0.0
US,enclave,415,0.9638554216867471,0.0
India,surat,414,6.280193236714976,0.0
US,ses,413,1.937046004842615,0.0
US,armour,412,1.6990291262135921,0.0
US,cantor,410,2.195121951219512,0.0
India,realtors,410,2.9268292682926833,0.0
US,pa,408,47.05882352941176,51.9607843137255
US,social,407,1.9656019656019657,0.0
US,technical,407,2.211302211302211,0.0
US,oncology,406,2.4630541871921183,0.0
US,treasury,405,1.728395061728395,0.0
US,marine,405,2.7160493827160495,0.0
US,finance,404,0.9900990099009901,0.0
US,columbia,404,2.722772277227723,0.0
US,veterans,404,0.7425742574257426,0.0
US,vornado,404,0.49504950495049505,0.0
US,cambridge,404,3.4653465346534658,0.0
US,oyj,403,0.9925558312655087,0.0
India,pivte,399,20.551378446115287,27.06766917293233
US,albany,399,0.2506265664160401,0.0
US,thompson,399,2.2556390977443606,0.0
US,commerce,398,1.7587939698492463,0.0
US,commercial,397,2.2670025188916876,0.0
US,chemical,397,3.022670025188917,0.0
US,asset,396,3.0303030303030303,0.0
US,mesa,396,4.545454545454546,0.0
US,young,395,1.2658227848101267,0.0
US,sunrise,394,0.7614213197969544,0.0
US,bio,394,1.5228426395939088,0.0
India,jaipur,394,2.7918781725888326,0.0
US,short,393,1.5267175572519083,0.0
US,meshflow,393,0.2544529262086514,0.0
US,agricultural,393,2.5445292620865136,0.0
US,defense,391,3.8363171355498724,0.0
US,wells,391,0.7672634271099744,0.0
US,lending,391,4.092071611253197,0.0
US,gabelli,390,0.5128205128205128,0.0
US,aldel,390,3.076923076923077,0.0
US,hotels,389,0.7712082262210797,0.0
India,hotels,389,3.8560411311053984,0.0
US,dynamix,388,1.5463917525773196,0.0
India,svirrs,387,24.54780361757106,0.0
US,albuquerque,387,2.842377260981912,0.0
US,lexington,386,1.0362694300518136,0.0
US,impact,386,0.0,0.0
India,chit,386,3.8860103626943006,0.0
US,bluerock,384,1.5625,0.0
India,resorts,384,4.166666666666666,0.0
US,printing,382,1.5706806282722512,0.0
US,glendale,381,1.574803149606299,0.0
US,electrical,381,0.7874015748031495,0.0
US,payments,380,0.2631578947368421,0.0
US,wilmington,380,3.9473684210526314,0.0
US,perez,379,0.79155672823219,0.0
US,chiropractic,379,3.95778364116095,0.0
US,otg,377,2.9177718832891246,0.0
India,labs,377,2.9177718832891246,0.0
US,industrial,377,1.0610079575596816,0.0
US,lynn,374,1.6042780748663104,0.0
US,miluna,374,0.53475935828877,0.0
US,tsakos,374,0.53475935828877,0.0
US,launchpad,374,0.8021390374331552,0.0
US,innovation,374,0.267379679144385,0.0
US,telecom,373,4.825737265415549,0.0
India,innovations,373,4.825737265415549,0.0
US,consumer,373,1.876675603217158,0.0
US,convertible,373,1.876675603217158,0.0
US,rail,373,2.949061662198391,0.0
US,associate,371,1.078167115902965,0.0
US,myers,371,1.3477088948787064,0.0
US,obic,368,0.5434782608695652,0.0
US,huntington,367,6.539509536784741,0.0
US,literacy,367,1.08991825613079,0.0
US,idea,366,1.912568306010929,0.0
US,urology,366,2.185792349726776,0.0
US,power,364,0.8241758241758242,0.0
India,teksrrails,364,14.560439560439562,0.0
US,independence,364,1.098901098901099,0.0
US,cultural,363,0.5509641873278237,0.0
India,thane,362,2.7624309392265194,0.0
US,xrp,361,1.662049861495845,0.0
US,rochester,361,3.32409972299169,0.0
US,pharmaceuticals,359,1.392757660167131,0.0
US,clark,359,0.2785515320334262,0.0
US,trinity,358,3.35195530726257,0.0
US,marketing,358,2.5139664804469275,0.0
US,california,357,0.0,0.0
US,lewis,356,1.1235955056179776,0.0
India,securities,356,3.651685393258427,0.0
India,homes,356,3.3707865168539324,0.0
US,anadolu,355,1.1267605633802817,0.0
US,debt,355,1.1267605633802817,0.0
US,pinnade,354,0.847457627118644,0.5649717514124294
US,esports,354,3.1073446327683616,0.0
US,lucky,354,0.847457627118644,0.0
India,chits,354,4.519774011299435,0.0
US,realty,353,3.1161473087818696,0.0
US,forney,352,0.0,0.0
India,ahmedabad,352,1.1363636363636365,0.0
US,materials,352,1.7045454545454544,0.0
US,vdregoa,351,0.2849002849002849,0.0
US,salem,351,0.8547008547008548,0.0
US,ftai,347,0.5763688760806917,0.0
US,hennessy,346,0.5780346820809248,0.0
US,butts,344,1.1627906976744187,0.0
US,campbell,343,0.5830903790087464,0.0
US,business,343,1.749271137026239,0.0
US,transport,342,1.461988304093567,0.0
US,midland,341,0.0,0.0
India,retail,341,1.7595307917888565,0.0
US,6lobal,340,0.8823529411764706,0.5882352941176471
India,advisory,340,6.470588235294119,0.0
US,olanify,339,0.0,0.0
US,marshall,339,1.7699115044247788,0.0
US,frequency,339,0.5899705014749262,0.0
US,allen,338,2.9585798816568047,0.0
US,design,336,4.464285714285714,0.0
US,tomball,335,0.0,0.0
India,minerals,334,4.790419161676647,0.0
US,sfotwre,334,0.0,0.0
US,6roup,333,2.4024024024024024,0.6006006006006006
India,farmers,332,2.710843373493976,0.0
US,twisted,332,1.8072289156626504,0.0
US,auburn,332,0.6024096385542169,0.0
US,super,331,0.0,0.0
US,ramirez,331,1.5105740181268883,0.0
US,knoxville,331,0.906344410876133,0.0
US,hall,331,1.5105740181268883,0.0
US,athens,331,0.0,0.0
US,concord,328,0.0,0.0
US,wildlife,328,0.0,0.0
US,wholesale,328,2.1341463414634148,0.0
India,fund,327,4.281345565749235,0.0
US,adams,327,2.1406727828746175,0.0
India,noida,327,1.834862385321101,0.0
US,chandler,326,3.067484662576687,0.0
US,marion,326,2.147239263803681,0.0
US,douglas,325,1.5384615384615385,0.0
US,beaverton,325,0.0,0.0
US,dermatology,324,3.7037037037037033,0.0
US,quincy,324,2.4691358024691357,0.0
US,flores,323,1.238390092879257,0.0
India,probhijn,323,6.5015479876160995,0.0
India,sports,323,4.643962848297214,0.0
India,communications,322,4.3478260869565215,0.0
US,walker,321,0.6230529595015576,0.0
US,infrastructure,321,2.803738317757009,0.0
India,steels,321,3.4267912772585665,0.0
US,atoirf,320,0.0,0.0
India,wellness,319,4.38871473354232,0.0
US,historical,319,0.3134796238244514,0.0
US,huntingtown,318,0.628930817610063,0.0
US,energetics,318,1.8867924528301887,0.0
US,collinsville,316,1.5822784810126582,0.0
US,amelia,316,0.949367088607595,0.0
US,properties,316,0.6329113924050633,0.0
India,buildcon,316,3.481012658227848,0.0
US,enfield,315,0.9523809523809524,0.0
US,omaha,315,0.31746031746031744,0.0
US,james,315,4.444444444444445,0.0
US,freeport,314,2.8662420382165608,0.0
India,jvailrj,314,2.547770700636943,0.0
India,network,313,3.8338658146964857,0.0
India,pivtae,313,19.169329073482427,24.600638977635782
US,saint,311,1.929260450160772,0.0
US,templeton,310,1.2903225806451613,0.0
US,heirthaeg,310,0.0,0.0
US,laboratrmies,310,0.0,0.0
US,rbviellnohr,310,0.0,0.0
US,spa,310,45.16129032258064,50.645161290322584
US,gl,310,0.0,0.0
US,semiconductor,309,5.177993527508091,0.0
US,packaging,309,3.2362459546925564,0.0
US,pntges,309,0.6472491909385114,0.0
US,mcqueen,308,0.0,0.0
India,prvte,307,31.921824104234524,36.156351791530945
US,parsesr,307,0.0,0.0
US,elk,307,0.0,0.0
US,bridgeport,305,0.6557377049180327,0.0
US,morgan,305,0.6557377049180327,0.0
US,parker,304,0.6578947368421052,0.0
US,recck,303,0.0,0.0
US,interfaith,303,0.0,0.0
India,west,303,2.6402640264026402,0.0
